,peso,altura,idade,IMC
0,72,180,31,22.22222222222222
1,80,170,21,27.68166089965398
2,60,175,16,19.591836734693878
3,90,174,28,29.72651605231867
4,100,185,23,29.218407596785973
